{"method": "zscore", "wrist_relative": true, "mean": [0.45146557688713074, 0.8331189751625061, 1.7493240989097103e-07, 0.5039128661155701, 0.7863860130310059, -0.04950946941971779, 0.5427266359329224, 0.654651403427124, -0.07488608360290527, 0.5586435198783875, 0.5461401343345642, -0.10245674103498459, 0.557848334312439, 0.48898687958717346, -0.12514430284500122, 0.5137148499488831, 0.440922349691391, -0.02043215185403824, 0.5295432806015015, 0.2904825806617737, -0.0833851620554924, 0.5417379140853882, 0.27792972326278687, -0.13021135330200195, 0.5482158064842224, 0.27882570028305054, -0.15608452260494232, 0.4844518303871155, 0.4244055449962616, -0.03159423917531967, 0.5096526145935059, 0.26653218269348145, -0.09189833700656891, 0.5277084112167358, 0.27139127254486084, -0.1263108104467392, 0.5379657745361328, 0.27633780241012573, -0.13990843296051025, 0.45979446172714233, 0.43935486674308777, -0.05379199981689453, 0.4815138578414917, 0.28952327370643616, -0.11074938625097275, 0.5006228089332581, 0.2926129996776581, -0.12398991733789444, 0.5119873285293579, 0.2971246540546417, -0.12159643322229385, 0.4373495876789093, 0.47788116335868835, -0.08176058530807495, 0.45600637793540955, 0.3583018481731415, -0.12127945572137833, 0.47166964411735535, 0.34416812658309937, -0.12342896312475204, 0.4818919897079468, 0.3393060564994812, -0.11702049523591995, 0.0, 0.0, 0.0, 0.0, 0.0, 0.0, 0.0, 0.0, 0.0, 0.0, 0.0, 0.0, 0.0, 0.0, 0.0, 0.0, 0.0, 0.0, 0.0, 0.0, 0.0, 0.0, 0.0, 0.0, 0.0, 0.0, 0.0, 0.0, 0.0, 0.0, 0.0, 0.0, 0.0, 0.0, 0.0, 0.0, 0.0, 0.0, 0.0, 0.0, 0.0, 0.0, 0.0, 0.0, 0.0, 0.0, 0.0, 0.0, 0.0, 0.0, 0.0, 0.0, 0.0, 0.0, 0.0, 0.0, 0.0, 0.0, 0.0, 0.0, 0.0, 0.0, 0.0], "std": [0.14026157557964325, 0.053644269704818726, 9.685220447863685e-07, 0.07763296365737915, 0.04896967113018036, 0.04439843073487282, 0.14286074042320251, 0.07016972452402115, 0.058110352605581284, 0.17033591866493225, 0.10884986072778702, 0.06701458990573883, 0.18079885840415955, 0.1431688517332077, 0.07947925478219986, 0.10566510260105133, 0.07258627563714981, 0.05997040122747421, 0.10426215827465057, 0.08092960715293884, 0.0766918957233429, 0.10846100002527237, 0.09499234706163406, 0.08569728583097458, 0.12265652418136597, 0.14051763713359833, 0.0892920270562172, 0.08399546891450882, 0.07005791366100311, 0.04926987364888191, 0.05212418735027313, 0.0852450281381607, 0.06928494572639465, 0.08183246850967407, 0.12111516296863556, 0.07553349435329437, 0.11129002273082733, 0.17024673521518707, 0.0802178829908371, 0.12135852873325348, 0.07463456690311432, 0.04736180603504181, 0.09359882026910782, 0.09039215743541718, 0.0611707903444767, 0.09479611366987228, 0.1267758160829544, 0.06507111340761185, 0.1126115471124649, 0.17355874180793762, 0.07627255469560623, 0.18513429164886475, 0.0851103812456131, 0.05479590222239494, 0.16625796258449554, 0.09317506849765778, 0.0614607110619545, 0.15224814414978027, 0.10803914815187454, 0.06867701560258865, 0.1518428921699524, 0.14069798588752747, 0.07841702550649643, 1.0, 1.0, 1.0, 1.0, 1.0, 1.0, 1.0, 1.0, 1.0, 1.0, 1.0, 1.0, 1.0, 1.0, 1.0, 1.0, 1.0, 1.0, 1.0, 1.0, 1.0, 1.0, 1.0, 1.0, 1.0, 1.0, 1.0, 1.0, 1.0, 1.0, 1.0, 1.0, 1.0, 1.0, 1.0, 1.0, 1.0, 1.0, 1.0, 1.0, 1.0, 1.0, 1.0, 1.0, 1.0, 1.0, 1.0, 1.0, 1.0, 1.0, 1.0, 1.0, 1.0, 1.0, 1.0, 1.0, 1.0, 1.0, 1.0, 1.0, 1.0, 1.0, 1.0], "min": null, "max": null}